{"options":{"check_for_updates":true,"comment":null,"compatopts_for_requires":true,"compat_wrappedjsobject":false,"compat_metadata":false,"compat_foreach":false,"compat_powerful_this":null,"sandbox":"DOM","noframes":null,"unwrap":null,"run_at":null,"tab_types":null,"override":{"use_includes":[],"orig_includes":[],"merge_includes":true,"use_matches":[],"orig_matches":["*://*.baidu.com/*","*://*.google.com/*","*://*.bing.com/*","*://*.so.com/*","*://*.zhihu.com/*","*://*.douban.com/*","*://*.weibo.com/*","*://twitter.com/*","*://*.youtube.com/*","*://*.bilibili.com/*","*://*.csdn.net/*","*://*/*"],"merge_matches":true,"use_excludes":[],"orig_excludes":[],"merge_excludes":true,"use_connects":[],"orig_connects":["zhihu.com","baidu.com","baiducontent.com","dadiyouhui02.cn","*"],"merge_connects":true,"use_blockers":[],"orig_run_at":"document-start","orig_noframes":true}},"settings":{"enabled":true,"position":6},"meta":{"name":"【屏蔽广告】屏蔽谷歌广告、百度广告、知乎广告、隐藏谷歌和百度搜索增强百度搜索结果的各种广告等等（过滤所有采用谷歌联盟和百度联盟等广告联盟的广告）","uuid":"1e226af7-92bd-426f-bdb7-ff16b6160bd8","modified":1678168107578,"file_url":"https://greasyfork.org/scripts/460743-%E5%B1%8F%E8%94%BD%E5%B9%BF%E5%91%8A-%E5%B1%8F%E8%94%BD%E8%B0%B7%E6%AD%8C%E5%B9%BF%E5%91%8A-%E7%99%BE%E5%BA%A6%E5%B9%BF%E5%91%8A-%E7%9F%A5%E4%B9%8E%E5%B9%BF%E5%91%8A-%E9%9A%90%E8%97%8F%E8%B0%B7%E6%AD%8C%E5%92%8C%E7%99%BE%E5%BA%A6%E6%90%9C%E7%B4%A2%E5%A2%9E%E5%BC%BA%E7%99%BE%E5%BA%A6%E6%90%9C%E7%B4%A2%E7%BB%93%E6%9E%9C%E7%9A%84%E5%90%84%E7%A7%8D%E5%B9%BF%E5%91%8A%E7%AD%89%E7%AD%89-%E8%BF%87%E6%BB%A4%E6%89%80%E6%9C%89%E9%87%87%E7%94%A8%E8%B0%B7%E6%AD%8C%E8%81%94%E7%9B%9F%E5%92%8C%E7%99%BE%E5%BA%A6%E8%81%94%E7%9B%9F%E7%AD%89%E5%B9%BF%E5%91%8A%E8%81%94%E7%9B%9F%E7%9A%84%E5%B9%BF%E5%91%8A/code/%E3%80%90%E5%B1%8F%E8%94%BD%E5%B9%BF%E5%91%8A%E3%80%91%E5%B1%8F%E8%94%BD%E8%B0%B7%E6%AD%8C%E5%B9%BF%E5%91%8A%E3%80%81%E7%99%BE%E5%BA%A6%E5%B9%BF%E5%91%8A%E3%80%81%E7%9F%A5%E4%B9%8E%E5%B9%BF%E5%91%8A%E3%80%81%E9%9A%90%E8%97%8F%E8%B0%B7%E6%AD%8C%E5%92%8C%E7%99%BE%E5%BA%A6%E6%90%9C%E7%B4%A2%E5%A2%9E%E5%BC%BA%E7%99%BE%E5%BA%A6%E6%90%9C%E7%B4%A2%E7%BB%93%E6%9E%9C%E7%9A%84%E5%90%84%E7%A7%8D%E5%B9%BF%E5%91%8A%E7%AD%89%E7%AD%89%EF%BC%88%E8%BF%87%E6%BB%A4%E6%89%80%E6%9C%89%E9%87%87%E7%94%A8%E8%B0%B7%E6%AD%8C%E8%81%94%E7%9B%9F%E5%92%8C%E7%99%BE%E5%BA%A6%E8%81%94%E7%9B%9F%E7%AD%89%E5%B9%BF%E5%91%8A%E8%81%94%E7%9B%9F%E7%9A%84%E5%B9%BF%E5%91%8A%EF%BC%89.user.js"}}